material,target,machine,rarity,qty,category
ラビットボディ+1,ダークナイトボディ,,legendary,1,クレイドルパーツ
第四世代コフィンシェル,ダークナイトボディ,,legendary,3,クレイドルパーツ
SS級WR演算ユニット,ダークナイトボディ,,legendary,3,クレイドルパーツ
リフレクトパネル,ダークナイトボディ,,legendary,3,クレイドルパーツ
バイオ燃焼ゲル,ダークナイトボディ,,legendary,1,クレイドルパーツ
ラビットアーム+1,ダークナイトアーム,,legendary,1,クレイドルパーツ
第四世代マニピュレーター,ダークナイトアーム,,legendary,3,クレイドルパーツ
SS級WRモジュール,ダークナイトアーム,,legendary,3,クレイドルパーツ
超電導モーター,ダークナイトアーム,,legendary,3,クレイドルパーツ
バイオ燃焼ゲル,ダークナイトアーム,,legendary,1,クレイドルパーツ
ラビットレッグ+1,ダークナイトレッグ,,legendary,1,クレイドルパーツ
第四世代サスペンション,ダークナイトレッグ,,legendary,3,クレイドルパーツ
SS級バランサー,ダークナイトレッグ,,legendary,3,クレイドルパーツ
SS級アクチュエーター,ダークナイトレッグ,,legendary,3,クレイドルパーツ
バイオ燃焼ゲル,ダークナイトレッグ,,legendary,1,クレイドルパーツ
対応する武器,レア武器 （アサルトライフルLE+2等）,,rare,1,武器
対応のクラスⅡユニット,レア武器 （アサルトライフルLE+2等）,,rare,2,武器
第二世代EMUorFCU,レア武器 （アサルトライフルLE+2等）,,rare,2,武器
対応する武器,エピック武器 （アサルトライフルLE+3等）,,epic,1,武器
対応のクラスⅢユニット,エピック武器 （アサルトライフルLE+3等）,,epic,3,武器
第三世代EMUorFCU,エピック武器 （アサルトライフルLE+3等）,,epic,3,武器
対応のバレル改,エピック武器 （アサルトライフルLE+3等）,,epic,1,武器
対応する武器,レジェンダリー武器 （アサルトライフルLE+4等）,,legendary,1,武器
対応のクラスIVユニット,レジェンダリー武器 （アサルトライフルLE+4等）,,legendary,6,武器
第四世代EMUorFCU,レジェンダリー武器 （アサルトライフルLE+4等）,,legendary,6,武器
対応のバレル極,レジェンダリー武器 （アサルトライフルLE+4等）,,legendary,1,武器
B級クレイドルパーツの残骸,ガーディアンボディ,,uncommon,4,クレイドルパーツ
コアパワーケーブル,ガーディアンボディ,,uncommon,2,クレイドルパーツ
B級クレイドルパーツの残骸,ガーディアンアーム,,uncommon,2,クレイドルパーツ
プライムコネクター,ガーディアンアーム,,uncommon,2,クレイドルパーツ
B級クレイドルパーツの残骸,ガーディアンレッグ,,uncommon,2,クレイドルパーツ
カスタムブッシュ,ガーディアンレッグ,,uncommon,2,クレイドルパーツ
バードウォッチャーボディ,バードウォッチャーボディ・SP,,uncommon,1,クレイドルパーツ
コアパワーケーブル,バードウォッチャーボディ・SP,,uncommon,1,クレイドルパーツ
バードウォッチャーアーム,バードウォッチャーアーム・SP,,uncommon,1,クレイドルパーツ
プライムコネクター,バードウォッチャーアーム・SP,,uncommon,1,クレイドルパーツ
バードウォッチャーレッグ,バードウォッチャーレッグ・SP,,uncommon,1,クレイドルパーツ
カスタムブッシュ,バードウォッチャーレッグ・SP,,uncommon,1,クレイドルパーツ
バードウォッチャーボディ,バードウォッチャーボディ+1,,rare,1,クレイドルパーツ
第二世代コフィンシェル,バードウォッチャーボディ+1,,rare,1,クレイドルパーツ
A級バッテリー,バードウォッチャーボディ+1,,rare,1,クレイドルパーツ
バードウォッチャーアーム,バードウォッチャーアーム+1,,rare,1,クレイドルパーツ
第二世代マニピュレーター,バードウォッチャーアーム+1,,rare,1,クレイドルパーツ
A級熱電モジュール,バードウォッチャーアーム+1,,rare,1,クレイドルパーツ
バードウォッチャーレッグ,バードウォッチャーレッグ+1,,rare,1,クレイドルパーツ
第二世代サスペンション,バードウォッチャーレッグ+1,,rare,1,クレイドルパーツ
A級バランサー,バードウォッチャーレッグ+1,,rare,1,クレイドルパーツ
スパイダーボディ,スパイダーボディ+1,,rare,1,クレイドルパーツ
第二世代コフィンシェル,スパイダーボディ+1,,rare,1,クレイドルパーツ
A級特殊装甲,スパイダーボディ+1,,rare,1,クレイドルパーツ
スパイダーボディ,スパイダーアーム+1,,rare,1,クレイドルパーツ
第二世代マニピュレーター,スパイダーアーム+1,,rare,1,クレイドルパーツ
A級アンプリファイアモジュール,スパイダーアーム+1,,rare,1,クレイドルパーツ
スパイダーレッグ,スパイダーレッグ+1,,rare,1,クレイドルパーツ
第二世代サスペンション,スパイダーレッグ+1,,rare,1,クレイドルパーツ
A級アクチュエーター,スパイダーレッグ+1,,rare,1,クレイドルパーツ
タワーボディ,タワーボディ+1,,rare,1,クレイドルパーツ
第二世代コフィンシェル,タワーボディ+1,,rare,1,クレイドルパーツ
A級WR演算ユニット,タワーボディ+1,,rare,1,クレイドルパーツ
タワーアーム,タワーアーム+1,,rare,1,クレイドルパーツ
第二世代マニピュレーター,タワーアーム+1,,rare,1,クレイドルパーツ
A級バイオエネルギー変換モジュールα,タワーアーム+1,,rare,1,クレイドルパーツ
タワーレッグ,タワーレッグ+1,,rare,1,クレイドルパーツ
第二世代サスペンション,タワーレッグ+1,,rare,1,クレイドルパーツ
A級WRブースター,タワーレッグ+1,,rare,1,クレイドルパーツ
オーガボディ,オーガボディ+1,,rare,1,クレイドルパーツ
第二世代コフィンシェル,オーガボディ+1,,rare,1,クレイドルパーツ
オーガアーム,オーガアーム+1,,rare,1,クレイドルパーツ
第二世代マニュピレーター,オーガアーム+1,,rare,1,クレイドルパーツ
A級反動制御モジュール,オーガアーム+1,,rare,1,クレイドルパーツ
オーガレッグ,オーガレッグ+1,,rare,1,クレイドルパーツ
第二世代サスペンション,オーガレッグ+1,,rare,1,クレイドルパーツ
A級バランサー,オーガレッグ+1,,rare,1,クレイドルパーツ
アンバーボディ,アンバーボディ+1,,rare,1,クレイドルパーツ
第二世代コフィンシェル,アンバーボディ+1,,rare,1,クレイドルパーツ
A級拡散装甲,アンバーボディ+1,,rare,1,クレイドルパーツ
アンバーアーム,アンバーアーム+1,,rare,1,クレイドルパーツ
第二世代マニュピレーター,アンバーアーム+1,,rare,1,クレイドルパーツ
A級電荷供給モジュール,アンバーアーム+1,,rare,1,クレイドルパーツ
アンバーレッグ,アンバーレッグ+1,,rare,1,クレイドルパーツ
第二世代サスペンション,アンバーレッグ+1,,rare,1,クレイドルパーツ
A級アクチュエーター,アンバーレッグ+1,,rare,1,クレイドルパーツ
モホークボディ,モホークボディ+1,,rare,1,クレイドルパーツ
第二世代コフィンシェル,モホークボディ+1,,rare,1,クレイドルパーツ
A級WR演算ユニット,モホークボディ+1,,rare,1,クレイドルパーツ
モホークアーム,モホークアーム+1,,rare,1,クレイドルパーツ
第二世代マニピュレーター,モホークアーム+1,,rare,1,クレイドルパーツ
A級WRモジュール,モホークアーム+1,,rare,1,クレイドルパーツ
モホークレッグ,モホークレッグ+1,,rare,1,クレイドルパーツ
第二世代サスペンション,モホークレッグ+1,,rare,1,クレイドルパーツ
A級WRブースター,モホークレッグ+1,,rare,1,クレイドルパーツ
ラビットボディ,ラビットボディ+1,,rare,1,クレイドルパーツ
A級バッテリー,ラビットボディ+1,,rare,1,クレイドルパーツ
A級拡散装甲,ラビットボディ+1,,rare,1,クレイドルパーツ
A級特殊装甲,ラビットボディ+1,,rare,1,クレイドルパーツ
ラビットアーム,ラビットアーム+1,,rare,1,クレイドルパーツ
第二世代マニピュレーター,ラビットアーム+1,,rare,1,クレイドルパーツ
A級電荷供給モジュール,ラビットアーム+1,,rare,1,クレイドルパーツ
A級アンプリファイアモジュール,ラビットアーム+1,,rare,1,クレイドルパーツ
ラビットレッグ,ラビットレッグ+1,,rare,1,クレイドルパーツ
第二世代サスペンション,ラビットレッグ+1,,rare,1,クレイドルパーツ
A級バランサー,ラビットレッグ+1,,rare,1,クレイドルパーツ
A級アクチュエーター,ラビットレッグ+1,,rare,1,クレイドルパーツ
ハーネスボディ,ハーネスボディ+1,,rare,1,クレイドルパーツ
第二世代コフィンシェル,ハーネスボディ+1,,rare,1,クレイドルパーツ
A級WR演算ユニット,ハーネスボディ+1,,rare,1,クレイドルパーツ
A級特殊装甲,ハーネスボディ+1,,rare,1,クレイドルパーツ
ハーネスアーム,ハーネスアーム+1,,rare,1,クレイドルパーツ
第二世代マニピュレーター,ハーネスアーム+1,,rare,1,クレイドルパーツ
A級バイオエネルギーモジュールα,ハーネスアーム+1,,rare,1,クレイドルパーツ
ハーネスレッグ,ハーネスレッグ+1,,rare,1,クレイドルパーツ
第二世代サスペンション,ハーネスレッグ+1,,rare,1,クレイドルパーツ
A級WRブースター,ハーネスレッグ+1,,rare,1,クレイドルパーツ
チリペッパーボディ,チリペッパーボディ+1,,rare,1,クレイドルパーツ
第二世代コフィンシェル,チリペッパーボディ+1,,rare,1,クレイドルパーツ
A級WR演算ユニット,チリペッパーボディ+1,,rare,1,クレイドルパーツ
A級拡散装甲,チリペッパーボディ+1,,rare,1,クレイドルパーツ
チリペッパーアーム,チリペッパーアーム+1,,rare,1,クレイドルパーツ
第二世代マニピュレーター,チリペッパーアーム+1,,rare,1,クレイドルパーツ
A級WRモジュール,チリペッパーアーム+1,,rare,1,クレイドルパーツ
A級反動制御モジュール,チリペッパーアーム+1,,rare,1,クレイドルパーツ
チリペッパーレッグ,チリペッパーレッグ+1,,rare,1,クレイドルパーツ
第二世代サスペンション,チリペッパーレッグ+1,,rare,1,クレイドルパーツ
A級WRブースター,チリペッパーレッグ+1,,rare,1,クレイドルパーツ
A級エネルギーコンバーター,チリペッパーレッグ+1,,rare,1,クレイドルパーツ
ジャックボディ+1,ジャックボディ+2,,rare,1,クレイドルパーツ
第二世代コフィンシェル,ジャックボディ+2,,rare,1,クレイドルパーツ
A級拡散装甲,ジャックボディ+2,,rare,1,クレイドルパーツ
A級特殊装甲,ジャックボディ+2,,rare,1,クレイドルパーツ
ジャックアーム+1,ジャックアーム+2,,rare,1,クレイドルパーツ
第二世代マニピュレーター,ジャックアーム+2,,rare,1,クレイドルパーツ
A級電荷供給モジュール,ジャックアーム+2,,rare,1,クレイドルパーツ
A級WRモジュール,ジャックアーム+2,,rare,1,クレイドルパーツ
ジャックレッグ+1,ジャックレッグ+2,,rare,1,クレイドルパーツ
第二世代サスペンション,ジャックレッグ+2,,rare,1,クレイドルパーツ
A級バランサー,ジャックレッグ+2,,rare,1,クレイドルパーツ
A級アクチュエーター,ジャックレッグ+2,,rare,1,クレイドルパーツ
ガーディアンボディ,ガーディアンボディ+1,,rare,1,クレイドルパーツ
第二世代コフィンシェル,ガーディアンボディ+1,,rare,1,クレイドルパーツ
A級バッテリー,ガーディアンボディ+1,,rare,1,クレイドルパーツ
A級クレイドルパーツの残骸,ガーディアンボディ+1,,rare,3,クレイドルパーツ
ガーディアンアーム,ガーディアンアーム+1,,rare,1,クレイドルパーツ
第二世代マニュピレーター,ガーディアンアーム+1,,rare,1,クレイドルパーツ
A級電荷供給モジュール,ガーディアンアーム+1,,rare,1,クレイドルパーツ
A級クレイドルパーツの残骸,ガーディアンアーム+1,,rare,3,クレイドルパーツ
ガーディアンレッグ,ガーディアンレッグ+1,,rare,1,クレイドルパーツ
第二世代サスペンション,ガーディアンレッグ+1,,rare,1,クレイドルパーツ
A級アクチュエーター,ガーディアンレッグ+1,,rare,1,クレイドルパーツ
A級クレイドルパーツの残骸,ガーディアンレッグ+1,,rare,3,クレイドルパーツ
ラビットボディ,デイジーオーガボディ,,rare,1,クレイドルパーツ
A級バッテリー,デイジーオーガボディ,,rare,1,クレイドルパーツ
A級拡散装甲,デイジーオーガボディ,,rare,1,クレイドルパーツ
A級特殊装甲,デイジーオーガボディ,,rare,1,クレイドルパーツ
ラビットアーム,デイジーオーガアーム,,rare,1,クレイドルパーツ
第二世代マニピュレーター,デイジーオーガアーム,,rare,1,クレイドルパーツ
A級熱電モジュール,デイジーオーガアーム,,rare,1,クレイドルパーツ
A級アンプリファイアモジュール,デイジーオーガアーム,,rare,1,クレイドルパーツ
ラビットレッグ,デイジーオーガレッグ,,rare,1,クレイドルパーツ
第二世代サスペンション,デイジーオーガレッグ,,rare,1,クレイドルパーツ
A級バランサー,デイジーオーガレッグ,,rare,1,クレイドルパーツ
A級アクチュエーター,デイジーオーガレッグ,,rare,1,クレイドルパーツ
バードウォッチャーボディ,バードウォッチャーボディ+2,,epic,1,クレイドルパーツ
第三世代コフィンシェル,バードウォッチャーボディ+2,,epic,1,クレイドルパーツ
S級バッテリー,バードウォッチャーボディ+2,,epic,1,クレイドルパーツ
バードウォッチャーフレーム改,バードウォッチャーボディ+2,,epic,1,クレイドルパーツ
バードウォッチャーアーム,バードウォッチャーアーム+2,,epic,1,クレイドルパーツ
第三世代マニピュレーター,バードウォッチャーアーム+2,,epic,1,クレイドルパーツ
S級熱電モジュール,バードウォッチャーアーム+2,,epic,1,クレイドルパーツ
バードウォッチャーフレーム改,バードウォッチャーアーム+2,,epic,1,クレイドルパーツ
バードウォッチャーレッグ,バードウォッチャーレッグ+2,,epic,1,クレイドルパーツ
第三世代サスペンション,バードウォッチャーレッグ+2,,epic,1,クレイドルパーツ
S級バランサー,バードウォッチャーレッグ+2,,epic,1,クレイドルパーツ
バードウォッチャーフレーム改,バードウォッチャーレッグ+2,,epic,1,クレイドルパーツ
スパイダーボディ,スパイダーボディ+2,,epic,1,クレイドルパーツ
第三世代コフィンシェル,スパイダーボディ+2,,epic,1,クレイドルパーツ
S級特殊装甲,スパイダーボディ+2,,epic,1,クレイドルパーツ
スパイダーフレーム改,スパイダーボディ+2,,epic,1,クレイドルパーツ
スパイダーアーム,スパイダーアーム+2,,epic,1,クレイドルパーツ
第三世代マニピュレーター,スパイダーアーム+2,,epic,1,クレイドルパーツ
S級アンプリファイアモジュール,スパイダーアーム+2,,epic,1,クレイドルパーツ
スパイダーフレーム改,スパイダーアーム+2,,epic,1,クレイドルパーツ
スパイダーレッグ,スパイダーレッグ+2,,epic,1,クレイドルパーツ
第三世代サスペンション,スパイダーレッグ+2,,epic,1,クレイドルパーツ
S級アクチュエーター,スパイダーレッグ+2,,epic,1,クレイドルパーツ
スパイダーフレーム改,スパイダーレッグ+2,,epic,1,クレイドルパーツ
タワーボディ,タワーボディ+2,,epic,1,クレイドルパーツ
第三世代コフィンシェル,タワーボディ+2,,epic,1,クレイドルパーツ
S級WR演算ユニット,タワーボディ+2,,epic,1,クレイドルパーツ
タワーフレーム改,タワーボディ+2,,epic,1,クレイドルパーツ
タワーアーム,タワーアーム+2,,epic,1,クレイドルパーツ
第三世代マニピュレーター,タワーアーム+2,,epic,1,クレイドルパーツ
S級バイオエネルギー変換モジュールα,タワーアーム+2,,epic,1,クレイドルパーツ
タワーフレーム改,タワーアーム+2,,epic,1,クレイドルパーツ
タワーレッグ,タワーレッグ+2,,epic,1,クレイドルパーツ
第三世代サスペンション,タワーレッグ+2,,epic,1,クレイドルパーツ
S級WRブースター,タワーレッグ+2,,epic,1,クレイドルパーツ
タワーフレーム改,タワーレッグ+2,,epic,1,クレイドルパーツ
オーガボディ,オーガボディ+2,,epic,1,クレイドルパーツ
第三世代コフィンシェル,オーガボディ+2,,epic,1,クレイドルパーツ
S級バッテリー,オーガボディ+2,,epic,1,クレイドルパーツ
オーガフレーム改,オーガボディ+2,,epic,1,クレイドルパーツ
オーガアーム,オーガアーム+2,,epic,1,クレイドルパーツ
第三世代マニュピレーター,オーガアーム+2,,epic,1,クレイドルパーツ
S級反動制御モジュール,オーガアーム+2,,epic,1,クレイドルパーツ
オーガフレーム改,オーガアーム+2,,epic,1,クレイドルパーツ
オーガレッグ,オーガレッグ+2,,epic,1,クレイドルパーツ
第三世代サスペンション,オーガレッグ+2,,epic,1,クレイドルパーツ
S級バランサー,オーガレッグ+2,,epic,1,クレイドルパーツ
オーガフレーム改,オーガレッグ+2,,epic,1,クレイドルパーツ
アンバーボディ,アンバーボディ+2,,epic,1,クレイドルパーツ
第三世代コフィンシェル,アンバーボディ+2,,epic,1,クレイドルパーツ
S級拡散装甲,アンバーボディ+2,,epic,1,クレイドルパーツ
アンバーフレーム改,アンバーボディ+2,,epic,1,クレイドルパーツ
アンバーアーム,アンバーアーム+2,,epic,1,クレイドルパーツ
第三世代マニュピレーター,アンバーアーム+2,,epic,1,クレイドルパーツ
S級電荷供給モジュール,アンバーアーム+2,,epic,1,クレイドルパーツ
アンバーフレーム改,アンバーアーム+2,,epic,1,クレイドルパーツ
アンバーレッグ,アンバーレッグ+2,,epic,1,クレイドルパーツ
第三世代サスペンション,アンバーレッグ+2,,epic,1,クレイドルパーツ
S級アクチュエーター,アンバーレッグ+2,,epic,1,クレイドルパーツ
アンバーフレーム改,アンバーレッグ+2,,epic,1,クレイドルパーツ
モホークボディ,モホークボディ+2,,epic,1,クレイドルパーツ
第三世代コフィンシェル,モホークボディ+2,,epic,1,クレイドルパーツ
S級WR演算ユニット,モホークボディ+2,,epic,1,クレイドルパーツ
モホークフレーム改,モホークボディ+2,,epic,1,クレイドルパーツ
モホークアーム,モホークアーム+2,,epic,1,クレイドルパーツ
第三世代マニュピレーター,モホークアーム+2,,epic,1,クレイドルパーツ
S級WRモジュール,モホークアーム+2,,epic,1,クレイドルパーツ
モホークフレーム改,モホークアーム+2,,epic,1,クレイドルパーツ
モホークレッグ,モホークレッグ+2,,epic,1,クレイドルパーツ
第三世代サスペンション,モホークレッグ+2,,epic,1,クレイドルパーツ
S級WRブースター,モホークレッグ+2,,epic,1,クレイドルパーツ
モホークフレーム改,モホークレッグ+2,,epic,1,クレイドルパーツ
ラビットボディ,ラビットボディ+2,,epic,1,クレイドルパーツ
第三世代コフィンシェル,ラビットボディ+2,,epic,2,クレイドルパーツ
S級拡散装甲,ラビットボディ+2,,epic,2,クレイドルパーツ
S級特殊装甲,ラビットボディ+2,,epic,2,クレイドルパーツ
ラビットフレーム改,ラビットボディ+2,,epic,1,クレイドルパーツ
ラビットアーム,ラビットアーム+2,,epic,1,クレイドルパーツ
第三世代マニピュレーター,ラビットアーム+2,,epic,2,クレイドルパーツ
S級電荷供給モジュール,ラビットアーム+2,,epic,2,クレイドルパーツ
S級アンプリファイアモジュール,ラビットアーム+2,,epic,2,クレイドルパーツ
ラビットフレーム改,ラビットアーム+2,,epic,1,クレイドルパーツ
ラビットレッグ,ラビットレッグ+2,,epic,1,クレイドルパーツ
第三世代サスペンション,ラビットレッグ+2,,epic,2,クレイドルパーツ
S級バランサー,ラビットレッグ+2,,epic,2,クレイドルパーツ
S級アクチュエーター,ラビットレッグ+2,,epic,2,クレイドルパーツ
ラビットフレーム改,ラビットレッグ+2,,epic,1,クレイドルパーツ
ハーネスボディ,ハーネスボディ+2,,epic,1,クレイドルパーツ
第三世代コフィンシェル,ハーネスボディ+2,,epic,2,クレイドルパーツ
S級WR演算ユニット,ハーネスボディ+2,,epic,2,クレイドルパーツ
S級特殊装甲,ハーネスボディ+2,,epic,2,クレイドルパーツ
ハーネスフレーム改,ハーネスボディ+2,,epic,1,クレイドルパーツ
ハーネスアーム,ハーネスアーム+2,,epic,1,クレイドルパーツ
第三世代マニピュレーター,ハーネスアーム+2,,epic,2,クレイドルパーツ
S級バイオエネルギー変換モジュールα,ハーネスアーム+2,,epic,2,クレイドルパーツ
S級熱電モジュール,ハーネスアーム+2,,epic,2,クレイドルパーツ
ハーネスフレーム改,ハーネスアーム+2,,epic,1,クレイドルパーツ
ハーネスレッグ,ハーネスレッグ+2,,epic,1,クレイドルパーツ
第三世代サスペンション,ハーネスレッグ+2,,epic,2,クレイドルパーツ
S級WRブースター,ハーネスレッグ+2,,epic,2,クレイドルパーツ
S級エネルギーコンバーター,ハーネスレッグ+2,,epic,2,クレイドルパーツ
ハーネスフレーム改,ハーネスレッグ+2,,epic,1,クレイドルパーツ
チリペッパーボディ,チリペッパーボディ+2,,epic,1,クレイドルパーツ
第三世代コフィンシェル,チリペッパーボディ+2,,epic,2,クレイドルパーツ
S級WR演算ユニット,チリペッパーボディ+2,,epic,2,クレイドルパーツ
S級拡散装甲,チリペッパーボディ+2,,epic,2,クレイドルパーツ
チリペッパーフレーム改,チリペッパーボディ+2,,epic,1,クレイドルパーツ
チリペッパーアーム,チリペッパーアーム+2,,epic,1,クレイドルパーツ
第三世代マニピュレーター,チリペッパーアーム+2,,epic,2,クレイドルパーツ
S級WRモジュール,チリペッパーアーム+2,,epic,2,クレイドルパーツ
S級反動制御モジュール,チリペッパーアーム+2,,epic,2,クレイドルパーツ
チリペッパーフレーム改,チリペッパーアーム+2,,epic,1,クレイドルパーツ
チリペッパーレッグ,チリペッパーレッグ+2,,epic,1,クレイドルパーツ
第三世代サスペンション,チリペッパーレッグ+2,,epic,2,クレイドルパーツ
S級WRブースター,チリペッパーレッグ+2,,epic,2,クレイドルパーツ
S級エネルギーコンバーター,チリペッパーレッグ+2,,epic,2,クレイドルパーツ
チリペッパーフレーム改,チリペッパーレッグ+2,,epic,1,クレイドルパーツ
ガーディアンボディ,ガーディアンボディ+2,,epic,1,クレイドルパーツ
第三世代コフィンシェル,ガーディアンボディ+2,,epic,1,クレイドルパーツ
S級バッテリー,ガーディアンボディ+2,,epic,1,クレイドルパーツ
S級クレイドルパーツの残骸,ガーディアンボディ+2,,epic,6,クレイドルパーツ
ガーディアンアーム,ガーディアンアーム+2,,epic,1,クレイドルパーツ
第三世代マニュピレーター,ガーディアンアーム+2,,epic,1,クレイドルパーツ
S級電荷供給モジュール,ガーディアンアーム+2,,epic,1,クレイドルパーツ
S級クレイドルパーツの残骸,ガーディアンアーム+2,,epic,6,クレイドルパーツ
ガーディアンレッグ,ガーディアンレッグ+2,,epic,1,クレイドルパーツ
第三世代サスペンション,ガーディアンレッグ+2,,epic,1,クレイドルパーツ
S級アクチュエーター,ガーディアンレッグ+2,,epic,1,クレイドルパーツ
S級クレイドルパーツの残骸,ガーディアンレッグ+2,,epic,6,クレイドルパーツ
ラビットボディ,デイジーオーガボディ+1,,epic,1,クレイドルパーツ
第三世代コフィンシェル,デイジーオーガボディ+1,,epic,5,クレイドルパーツ
S級拡散装甲,デイジーオーガボディ+1,,epic,5,クレイドルパーツ
S級特殊装甲,デイジーオーガボディ+1,,epic,5,クレイドルパーツ
ラビットフレーム改,デイジーオーガボディ+1,,epic,1,クレイドルパーツ
ラビットアーム,デイジーオーガアーム+1,,epic,1,クレイドルパーツ
第三世代マニピュレーター,デイジーオーガアーム+1,,epic,5,クレイドルパーツ
S級電荷供給モジュール,デイジーオーガアーム+1,,epic,5,クレイドルパーツ
S級アンプリファイアモジュール,デイジーオーガアーム+1,,epic,5,クレイドルパーツ
ラビットフレーム改,デイジーオーガアーム+1,,epic,1,クレイドルパーツ
ラビットレッグ,デイジーオーガレッグ+1,,epic,1,クレイドルパーツ
第三世代サスペンション,デイジーオーガレッグ+1,,epic,5,クレイドルパーツ
S級バランサー,デイジーオーガレッグ+1,,epic,5,クレイドルパーツ
S級アクチュエーター,デイジーオーガレッグ+1,,epic,5,クレイドルパーツ
ラビットフレーム改,デイジーオーガレッグ+1,,epic,1,クレイドルパーツ
ラビットボディ,ジョンガスメーカーボディ,,epic,1,クレイドルパーツ
第三世代コフィンシェル,ジョンガスメーカーボディ,,epic,3,クレイドルパーツ
S級拡散装甲,ジョンガスメーカーボディ,,epic,3,クレイドルパーツ
S級特殊装甲,ジョンガスメーカーボディ,,epic,3,クレイドルパーツ
ラビットフレーム改,ジョンガスメーカーボディ,,epic,1,クレイドルパーツ
ラビットアーム,ジョンガスメーカーアーム,,epic,1,クレイドルパーツ
第三世代マニピュレーター,ジョンガスメーカーアーム,,epic,3,クレイドルパーツ
S級電荷供給モジュール,ジョンガスメーカーアーム,,epic,3,クレイドルパーツ
S級アンプリファイアモジュール,ジョンガスメーカーアーム,,epic,3,クレイドルパーツ
ラビットフレーム改,ジョンガスメーカーアーム,,epic,1,クレイドルパーツ
ラビットレッグ,ジョンガスメーカーレッグ,,epic,1,クレイドルパーツ
第三世代サスペンション,ジョンガスメーカーレッグ,,epic,3,クレイドルパーツ
S級バランサー,ジョンガスメーカーレッグ,,epic,3,クレイドルパーツ
S級アクチュエーター,ジョンガスメーカーレッグ,,epic,3,クレイドルパーツ
ラビットフレーム改,ジョンガスメーカーレッグ,,epic,1,クレイドルパーツ
バードウォッチャーボディ+1,ウィールボディ,,legendary,1,クレイドルパーツ
第四世代コフィンシェル,ウィールボディ,,legendary,2,クレイドルパーツ
SS級バッテリー,ウィールボディ,,legendary,2,クレイドルパーツ
バードウォッチャーフレーム極,ウィールボディ,,legendary,1,クレイドルパーツ
バードウォッチャーアーム+1,ウィールアーム,,legendary,1,クレイドルパーツ
第四世代マニピュレーター,ウィールアーム,,legendary,2,クレイドルパーツ
SS級熱電モジュール,ウィールアーム,,legendary,2,クレイドルパーツ
バードウォッチャーフレーム極,ウィールアーム,,legendary,1,クレイドルパーツ
バードウォッチャーレッグ+1,ウィールレッグ,,legendary,1,クレイドルパーツ
第四世代サスペンション,ウィールレッグ,,legendary,2,クレイドルパーツ
SS級バランサー,ウィールレッグ,,legendary,2,クレイドルパーツ
バードウォッチャーフレーム極,ウィールレッグ,,legendary,1,クレイドルパーツ
スパイダーボディ+1,カーディナルボディ,,legendary,1,クレイドルパーツ
第四世代コフィンシェル,カーディナルボディ,,legendary,2,クレイドルパーツ
SS級特殊装甲,カーディナルボディ,,legendary,2,クレイドルパーツ
スパイダーフレーム極,カーディナルボディ,,legendary,1,クレイドルパーツ
スパイダーアーム+1,カーディナルアーム,,legendary,1,クレイドルパーツ
第四世代マニピュレーター,カーディナルアーム,,legendary,2,クレイドルパーツ
SS級アンプリファイアモジュール,カーディナルアーム,,legendary,2,クレイドルパーツ
スパイダーフレーム極,カーディナルアーム,,legendary,1,クレイドルパーツ
スパイダーレッグ+1,カーディナルレッグ,,legendary,1,クレイドルパーツ
第四世代サスペンション,カーディナルレッグ,,legendary,2,クレイドルパーツ
SS級アクチュエーター,カーディナルレッグ,,legendary,2,クレイドルパーツ
スパイダーフレーム極,カーディナルレッグ,,legendary,1,クレイドルパーツ
タワーボディ+1,スニッチャーボディ,,legendary,1,クレイドルパーツ
第四世代コフィンシェル,スニッチャーボディ,,legendary,2,クレイドルパーツ
SS級WR演算ユニット,スニッチャーボディ,,legendary,2,クレイドルパーツ
タワーフレーム極,スニッチャーボディ,,legendary,1,クレイドルパーツ
タワーアーム+1,スニッチャーアーム,,legendary,1,クレイドルパーツ
第四世代マニピュレーター,スニッチャーアーム,,legendary,2,クレイドルパーツ
SS級バイオエネルギー変換モジュールα,スニッチャーアーム,,legendary,2,クレイドルパーツ
タワーフレーム極,スニッチャーアーム,,legendary,1,クレイドルパーツ
タワーレッグ+1,スニッチャーレッグ,,legendary,1,クレイドルパーツ
第四世代サスペンション,スニッチャーレッグ,,legendary,2,クレイドルパーツ
SS級WRブースター,スニッチャーレッグ,,legendary,2,クレイドルパーツ
タワーフレーム極,スニッチャーレッグ,,legendary,1,クレイドルパーツ
オーガボディ+1,ブーケボディ,,legendary,1,クレイドルパーツ
第四世代コフィンシェル,ブーケボディ,,legendary,2,クレイドルパーツ
SS級バッテリー,ブーケボディ,,legendary,2,クレイドルパーツ
オーガフレーム極,ブーケボディ,,legendary,1,クレイドルパーツ
オーガアーム+1,ブーケアーム,,legendary,1,クレイドルパーツ
第四世代マニュピレーター,ブーケアーム,,legendary,2,クレイドルパーツ
SS級反動制御モジュール,ブーケアーム,,legendary,2,クレイドルパーツ
オーガフレーム極,ブーケアーム,,legendary,1,クレイドルパーツ
オーガレッグ+1,ブーケレッグ,,legendary,1,クレイドルパーツ
第四世代サスペンション,ブーケレッグ,,legendary,2,クレイドルパーツ
SS級バランサー,ブーケレッグ,,legendary,2,クレイドルパーツ
オーガフレーム極,ブーケレッグ,,legendary,1,クレイドルパーツ
アンバーボディ+1,デアボディ,,legendary,1,クレイドルパーツ
第四世代コフィンシェル,デアボディ,,legendary,2,クレイドルパーツ
SS級拡散装甲,デアボディ,,legendary,2,クレイドルパーツ
アンバーフレーム極,デアボディ,,legendary,1,クレイドルパーツ
アンバーアーム+1,デアアーム,,legendary,1,クレイドルパーツ
第四世代マニュピレーター,デアアーム,,legendary,2,クレイドルパーツ
SS級電荷供給モジュール,デアアーム,,legendary,2,クレイドルパーツ
アンバーフレーム極,デアアーム,,legendary,1,クレイドルパーツ
アンバーレッグ+1,デアレッグ,,legendary,1,クレイドルパーツ
第四世代サスペンション,デアレッグ,,legendary,2,クレイドルパーツ
SS級アクチュエーター,デアレッグ,,legendary,2,クレイドルパーツ
アンバーフレーム極,デアレッグ,,legendary,1,クレイドルパーツ
モホークボディ+1,アコナイトボディ,,legendary,1,クレイドルパーツ
第四世代コフィンシェル,アコナイトボディ,,legendary,2,クレイドルパーツ
SS級WR演算ユニット,アコナイトボディ,,legendary,2,クレイドルパーツ
モホークフレーム極,アコナイトボディ,,legendary,1,クレイドルパーツ
モホークアーム+1,アコナイトアーム,,legendary,1,クレイドルパーツ
第四世代マニュピレーター,アコナイトアーム,,legendary,2,クレイドルパーツ
SS級WRモジュール,アコナイトアーム,,legendary,2,クレイドルパーツ
モホークフレーム極,アコナイトアーム,,legendary,1,クレイドルパーツ
モホークレッグ+1,アコナイトレッグ,,legendary,1,クレイドルパーツ
第四世代サスペンション,アコナイトレッグ,,legendary,2,クレイドルパーツ
SS級WRブースター,アコナイトレッグ,,legendary,2,クレイドルパーツ
モホークフレーム極,アコナイトレッグ,,legendary,1,クレイドルパーツ
ラビットボディ+1,ジェスターボディ,,legendary,1,クレイドルパーツ
第四世代コフィンシェル,ジェスターボディ,,legendary,3,クレイドルパーツ
SS級拡散装甲,ジェスターボディ,,legendary,3,クレイドルパーツ
SS級特殊装甲,ジェスターボディ,,legendary,3,クレイドルパーツ
ラビットフレーム極,ジェスターボディ,,legendary,1,クレイドルパーツ
ラビットアーム+1,ジェスターアーム,,legendary,1,クレイドルパーツ
第四世代マニピュレーター,ジェスターアーム,,legendary,3,クレイドルパーツ
SS級電荷供給モジュール,ジェスターアーム,,legendary,3,クレイドルパーツ
SS級アンプリファイアモジュール,ジェスターアーム,,legendary,3,クレイドルパーツ
ラビットフレーム極,ジェスターアーム,,legendary,1,クレイドルパーツ
ラビットレッグ+1,ジェスターレッグ,,legendary,1,クレイドルパーツ
第四世代サスペンション,ジェスターレッグ,,legendary,3,クレイドルパーツ
SS級バランサー,ジェスターレッグ,,legendary,3,クレイドルパーツ
SS級アクチュエーター,ジェスターレッグ,,legendary,3,クレイドルパーツ
ラビットフレーム極,ジェスターレッグ,,legendary,1,クレイドルパーツ
ハーネスボディ+1,トマホークボディ,,legendary,1,クレイドルパーツ
第四世代コフィンシェル,トマホークボディ,,legendary,3,クレイドルパーツ
SS級WR演算ユニット,トマホークボディ,,legendary,3,クレイドルパーツ
SS級特殊装甲,トマホークボディ,,legendary,3,クレイドルパーツ
ハーネスフレーム極,トマホークボディ,,legendary,1,クレイドルパーツ
ハーネスアーム+1,トマホークアーム,,legendary,1,クレイドルパーツ
第四世代マニピュレーター,トマホークアーム,,legendary,3,クレイドルパーツ
SS級バイオエネルギー変換モジュールα,トマホークアーム,,legendary,3,クレイドルパーツ
SS級熱電モジュール,トマホークアーム,,legendary,3,クレイドルパーツ
ハーネスフレーム極,トマホークアーム,,legendary,1,クレイドルパーツ
ハーネスレッグ+1,トマホークレッグ,,legendary,1,クレイドルパーツ
第四世代サスペンション,トマホークレッグ,,legendary,3,クレイドルパーツ
SS級WRブースター,トマホークレッグ,,legendary,3,クレイドルパーツ
SS級エネルギーコンバーター,トマホークレッグ,,legendary,3,クレイドルパーツ
ハーネスフレーム極,トマホークレッグ,,legendary,1,クレイドルパーツ
チリペッパーボディ+1,ウォウラスボディ,,legendary,1,クレイドルパーツ
第四世代コフィンシェル,ウォウラスボディ,,legendary,3,クレイドルパーツ
SS級WR演算ユニット,ウォウラスボディ,,legendary,3,クレイドルパーツ
SS級拡散装甲,ウォウラスボディ,,legendary,3,クレイドルパーツ
チリペッパーフレーム極,ウォウラスボディ,,legendary,1,クレイドルパーツ
チリペッパーアーム+1,ウォウラスアーム,,legendary,1,クレイドルパーツ
第四世代マニピュレーター,ウォウラスアーム,,legendary,3,クレイドルパーツ
SS級WRモジュール,ウォウラスアーム,,legendary,3,クレイドルパーツ
SS級反動制御モジュール,ウォウラスアーム,,legendary,3,クレイドルパーツ
チリペッパーフレーム極,ウォウラスアーム,,legendary,1,クレイドルパーツ
チリペッパーレッグ+1,ウォウラスレッグ,,legendary,1,クレイドルパーツ
第四世代サスペンション,ウォウラスレッグ,,legendary,5,クレイドルパーツ
SS級WRブースター,ウォウラスレッグ,,legendary,3,クレイドルパーツ
SS級エネルギーコンバーター,ウォウラスレッグ,,legendary,3,クレイドルパーツ
チリペッパーフレーム極,ウォウラスレッグ,,legendary,1,クレイドルパーツ
ジャックボディ+1,ボルトボディ,,legendary,1,クレイドルパーツ
第四世代コフィンシェル,ボルトボディ,,legendary,3,クレイドルパーツ
SS級拡散装甲,ボルトボディ,,legendary,1,クレイドルパーツ
SS級特殊装甲,ボルトボディ,,legendary,1,クレイドルパーツ
マローダーの腕晶体,ボルトボディ,,legendary,3,クレイドルパーツ
ジャックアーム+1,ボルトアーム,,legendary,1,クレイドルパーツ
第四世代マニピュレーター,ボルトアーム,,legendary,3,クレイドルパーツ
SS級電荷供給モジュール,ボルトアーム,,legendary,1,クレイドルパーツ
SS級WRモジュール,ボルトアーム,,legendary,1,クレイドルパーツ
マローダーの腕晶体,ボルトアーム,,legendary,3,クレイドルパーツ
ジャックレッグ+1,ボルトレッグ,,legendary,1,クレイドルパーツ
第四世代サスペンション,ボルトレッグ,,legendary,3,クレイドルパーツ
SS級バランサー,ボルトレッグ,,legendary,1,クレイドルパーツ
SS級アクチュエーター,ボルトレッグ,,legendary,1,クレイドルパーツ
マローダーの腕晶体,ボルトレッグ,,legendary,3,クレイドルパーツ
ガーディアンボディ+1,デーモンボディ,,legendary,1,クレイドルパーツ
第四世代コフィンシェル,デーモンボディ,,legendary,1,クレイドルパーツ
SS級バッテリー,デーモンボディ,,legendary,1,クレイドルパーツ
SS級クレイドルパーツの残骸,デーモンボディ,,legendary,6,クレイドルパーツ
ガーディアンアーム+1,デーモンアーム,,legendary,1,クレイドルパーツ
第四世代マニュピレーター,デーモンアーム,,legendary,1,クレイドルパーツ
SS級電荷供給モジュール,デーモンアーム,,legendary,1,クレイドルパーツ
SS級クレイドルパーツの残骸,デーモンアーム,,legendary,6,クレイドルパーツ
ガーディアンレッグ+1,デーモンレッグ,,legendary,1,クレイドルパーツ
第四世代サスペンション1,デーモンレッグ,,legendary,1,クレイドルパーツ
SS級アクチュエーター,デーモンレッグ,,legendary,1,クレイドルパーツ
SS級クレイドルパーツの残骸,デーモンレッグ,,legendary,6,クレイドルパーツ
ジェスターボディ,アネモネボディ,,legendary,1,クレイドルパーツ
小型磁気制御ユニット,アネモネボディ,,legendary,2,クレイドルパーツ
アネモネフレーム,アネモネボディ,,legendary,1,クレイドルパーツ
ジェスターアーム,アネモネアーム,,legendary,1,クレイドルパーツ
アブソルートセンサーモジュール,アネモネアーム,,legendary,2,クレイドルパーツ
アネモネフレーム,アネモネアーム,,legendary,1,クレイドルパーツ
ジェスターレッグ,アネモネレッグ,,legendary,1,クレイドルパーツ
オーバークロックブースター,アネモネレッグ,,legendary,2,クレイドルパーツ
アネモネフレーム,アネモネレッグ,,legendary,1,クレイドルパーツ
ラビットボディ+1,デイジーオーガボディ+2,,legendary,1,クレイドルパーツ
第四世代コフィンシェル,デイジーオーガボディ+2,,legendary,3,クレイドルパーツ
SS級拡散装甲,デイジーオーガボディ+2,,legendary,3,クレイドルパーツ
SS級特殊装甲,デイジーオーガボディ+2,,legendary,3,クレイドルパーツ
ラビットフレーム極,デイジーオーガボディ+2,,legendary,1,クレイドルパーツ
ラビットアーム+1,デイジーオーガアーム+2,,legendary,1,クレイドルパーツ
第四世代マニピュレーター,デイジーオーガアーム+2,,legendary,3,クレイドルパーツ
SS級電荷供給モジュール,デイジーオーガアーム+2,,legendary,3,クレイドルパーツ
SS級アンプリファイアモジュール,デイジーオーガアーム+2,,legendary,3,クレイドルパーツ
ラビットフレーム極,デイジーオーガアーム+2,,legendary,1,クレイドルパーツ
ラビットレッグ+1,デイジーオーガレッグ+2,,legendary,1,クレイドルパーツ
第四世代サスペンション,デイジーオーガレッグ+2,,legendary,3,クレイドルパーツ
SS級エネルギーコンバーター,デイジーオーガレッグ+2,,legendary,3,クレイドルパーツ
SS級アクチュエーター,デイジーオーガレッグ+2,,legendary,3,クレイドルパーツ
ラビットフレーム極,デイジーオーガレッグ+2,,legendary,1,クレイドルパーツ
ジェスターボディ,デイジーオーガアルターボディ,,legendary,1,クレイドルパーツ
ボディアルターユニット,デイジーオーガアルターボディ,,legendary,3,クレイドルパーツ
アルターフレーム,デイジーオーガアルターボディ,,legendary,1,クレイドルパーツ
ジェスターアーム,デイジーオーガアルターアーム,,legendary,1,クレイドルパーツ
アームアルターユニット,デイジーオーガアルターアーム,,legendary,3,クレイドルパーツ
アルターフレーム,デイジーオーガアルターアーム,,legendary,1,クレイドルパーツ
ジェスターレッグ,デイジーオーガアルターレッグ,,legendary,1,クレイドルパーツ
レッグアルターユニット,デイジーオーガアルターレッグ,,legendary,3,クレイドルパーツ
アルターフレーム,デイジーオーガアルターレッグ,,legendary,1,クレイドルパーツ
ラビットボディ+1,ジョンガスメーカーボディ+1,,legendary,1,クレイドルパーツ
第四世代コフィンシェル,ジョンガスメーカーボディ+1,,legendary,3,クレイドルパーツ
SS級拡散装甲,ジョンガスメーカーボディ+1,,legendary,3,クレイドルパーツ
SS級特殊装甲,ジョンガスメーカーボディ+1,,legendary,3,クレイドルパーツ
ラビットフレーム極,ジョンガスメーカーボディ+1,,legendary,1,クレイドルパーツ
ラビットアーム+1,ジョンガスメーカーアーム+1,,legendary,1,クレイドルパーツ
第四世代マニピュレーター,ジョンガスメーカーアーム+1,,legendary,3,クレイドルパーツ
SS級電荷供給モジュール,ジョンガスメーカーアーム+1,,legendary,3,クレイドルパーツ
SS級アンプリファイアモジュール,ジョンガスメーカーアーム+1,,legendary,3,クレイドルパーツ
ラビットフレーム極,ジョンガスメーカーアーム+1,,legendary,1,クレイドルパーツ
ラビットレッグ+1,ジョンガスメーカーレッグ+1,,legendary,1,クレイドルパーツ
第四世代サスペンション,ジョンガスメーカーレッグ+1,,legendary,3,クレイドルパーツ
SS級バランサー,ジョンガスメーカーレッグ+1,,legendary,3,クレイドルパーツ
SS級アクチュエーター,ジョンガスメーカーレッグ+1,,legendary,3,クレイドルパーツ
ラビットフレーム極,ジョンガスメーカーレッグ+1,,legendary,1,クレイドルパーツ
AO結晶掘削機,AO結晶掘削機+1,,uncommon,1,掘削機
シールドペンキ,AO結晶掘削機+1,,uncommon,3,掘削機
AO結晶掘削機+1,AO結晶掘削機+2,,rare,1,掘削機
A級シンポーザー,AO結晶掘削機+2,,rare,1,掘削機
AO結晶掘削機+1,AO結晶掘削機+3,,epic,1,掘削機
S級シンポーザー,AO結晶掘削機+3,,epic,1,掘削機
AO結晶掘削機+2,AO結晶掘削機+4,,legendary,1,掘削機
SS級シンポーザー,AO結晶掘削機+4,,legendary,2,掘削機
グリーンベリル鉱,リペアキット,,common,3,消費アイテム
グリーンベリル鉱,リペアキットDX,,uncommon,7,消費アイテム
グリーンベリル鉱,リペアキット・エース,,rare,50,消費アイテム
ブルーベリル鉱,シーリングキット,,common,20,消費アイテム
ブルーベリル鉱,シーリングキットDX,,uncommon,7,消費アイテム
ブルーベリル鉱,シーリングキット・エース,,rare,20,消費アイテム
ガラス,照明器具,,rare,2,素材
発光素子,照明器具,,rare,2,素材
ワイヤーロープ,照明器具,,rare,3,素材
ガラス,フレキシブルディスプレイ,,rare,2,素材
スマートコネクター,フレキシブルディスプレイ,,rare,2,素材
パワーケーブル,フレキシブルディスプレイ,,rare,2,素材
発光素子,フレキシブルディスプレイ,,rare,2,素材
ブルーベリル鉱,クアドラブルリキッド,,rare,6,素材
インキュベイターの分泌液,クアドラブルリキッド,,rare,4,素材
チェイサーの牙片,クアドラブルリキッド,,rare,3,素材
クロウラーの熱腺,クアドラブルリキッド,,rare,2,素材
廃材,ラック,,rare,5,素材
木材,ラック,,rare,3,素材
軍手,ラック,,rare,6,素材
ワイヤーブラシ,ラック,,rare,2,素材
木材,ウッドタイル,,rare,2,素材
変異樹木材,ウッドタイル,,rare,2,素材
ナノポリマー材,ウッドタイル,,rare,2,素材
織布,クッション,,rare,3,素材
樹脂容器,クッション,,rare,3,素材
植物染料,クッション,,rare,3,素材
生物の遺骸,クッション,,rare,1,素材
織布,美しい織物,,rare,5,素材
植物染料,美しい織物,,rare,5,素材
樹脂容器,美しい織物,,rare,3,素材
粘性岩,おしゃれな食器,,rare,6,素材
ガラス,おしゃれな食器,,rare,6,素材
軍手,おしゃれな食器,,rare,4,素材
金属スクラップ,リフレクトパネル,,rare,2,素材
シールドペンキ,リフレクトパネル,,rare,2,素材
チェイサーの牙片,リフレクトパネル,,rare,3,素材
パワーケーブル,超電導モーター,,rare,3,素材
ゲイザーの帯電組織,超電導モーター,,rare,2,素材
C2クーラント液,超電導モーター,,rare,1,素材
スマートコネクター,ラジエーターユニット,,rare,1,素材
パワーケーブル,ラジエーターユニット,,rare,1,素材
冷却フィン,ラジエーターユニット,,rare,3,素材
スマートコネクター,シリコンデバイス,,rare,4,素材
ナノポリマー材,シリコンデバイス,,rare,4,素材
C1クーラント液,シリコンデバイス,,rare,6,素材
グリーンベリル鉱,アライメントツール,,rare,10,素材
金属スクラップ,アライメントツール,,rare,3,素材
樹脂容器,浄水フィルター,,rare,1,素材
メンテナンスツール,浄水フィルター,,rare,3,素材
普通鋼材,メタルパイプ,,common,2,素材
粘性岩,メタルパイプ,,common,5,素材
生物の遺骸,天然皮革,,epic,12,素材
ワイヤーブラシ,天然皮革,,epic,9,素材
普通鋼材,ナノリバースマテリアル,,epic,6,素材
耐火断熱パネル,ナノリバースマテリアル,,epic,6,素材
インキュベイターの分泌液,ナノリバースマテリアル,,epic,3,素材
クロウラーの熱腺,ナノリバースマテリアル,,epic,3,素材
普通鋼材,高強度鋼材,,epic,6,素材
金属スクラップ,高強度鋼材,,epic,5,素材
クアドラブルリキッド,高強度鋼材,,epic,2,素材
クロウラーの熱腺,高強度鋼材,,epic,2,素材
希少鉱石岩,銀のインゴット,,epic,8,素材
金属スクラップ,銀のインゴット,,epic,3,素材
グリーンベリル鉱,銀のインゴット,,epic,6,素材
クロウラーの熱腺,銀のインゴット,,epic,2,素材
希少鉱石岩,金のインゴット,,epic,8,素材
金属スクラップ,金のインゴット,,epic,3,素材
ブルーベリル鉱,金のインゴット,,epic,6,素材
クロウラーの熱腺,金のインゴット,,epic,2,素材
超電動モーター,AO機関,,epic,1,素材
リフレクトパネル,AO機関,,epic,1,素材
クロウラーの熱腺,AO機関,,epic,2,素材
冷却フィン,AO機関,,epic,3,素材
変異樹木材,最高級木材,,epic,8,素材
シールドペンキ,最高級木材,,epic,3,素材
メンテナンスツール,最高級木材,,epic,3,素材
謎の種子,観賞用植物,,epic,10,素材
生物の遺骸,観賞用植物,,epic,3,素材
生物の遺骸,天然クッション,,epic,9,素材
織布,天然クッション,,epic,3,素材
植物染料,天然クッション,,epic,3,素材
レインジェム,第二世代コフィンシェル,,rare,2,素材
チェイサーコア,第二世代コフィンシェル,,rare,2,素材
第二世代マイクロモーター,第二世代マニピュレーター,,rare,2,素材
パワーケーブル,第二世代マニピュレーター,,rare,2,素材
第二世代ダンパー,第二世代サスペンション,,rare,2,素材
ブッシュ,第二世代サスペンション,,rare,2,素材
A級スタビライザー,A級バランサー,,rare,2,素材
スマートコネクター,A級バランサー,,rare,2,素材
A級シリンダー,A級アクチュエーター,,rare,2,素材
スマートコネクター,A級アクチュエーター,,rare,2,素材
橙色イットリア石,A級バッテリー,,rare,2,素材
希少鉱石岩,A級バッテリー,,rare,2,素材
A級ヒートパイプ,A級熱電モジュール,,rare,2,素材
C2クーラント液,A級熱電モジュール,,rare,2,素材
A級ジャイロセンサー,A級反動制御モジュール,,rare,2,素材
パワーケーブル,A級反動制御モジュール,,rare,2,素材
A級ENポリマー,A級拡散装甲,,rare,2,素材
チェイサーコア,A級拡散装甲,,rare,2,素材
A級キャパシタ,A級電荷供給モジュール,,rare,2,素材
C2クーラント液,A級電荷供給モジュール,,rare,2,素材
A級コーティングキット,A級特殊装甲,,rare,2,素材
チェイサーコア,A級特殊装甲,,rare,2,素材
A級シンポーザー,A級アンプリファイアモジュール,,rare,2,素材
チェイサーコア,A級アンプリファイアモジュール,,rare,2,素材
A級超高速メモリ,A級WR演算ユニット,,rare,2,素材
活性エンダーズコア,A級WR演算ユニット,,rare,2,素材
A級インダクタ,A級WRモジュール,,rare,2,素材
活性エンダーズコア,A級WRモジュール,,rare,2,素材
A級バイオセンサー,A級バイオエネルギー変換モジュールα,,rare,2,素材
C2クーラント液,A級バイオエネルギー変換モジュールα,,rare,2,素材
A級耐熱合金,A級WRブースター,,rare,2,素材
活性エンダーズコア,A級WRブースター,,rare,2,素材
A級コンプレッサー,A級エネルギーコンバーター,,rare,2,素材
冷却フィン,A級エネルギーコンバーター,,rare,2,素材
高純度レインジェム,第三世代コフィンシェル,,epic,2,素材
ゲイザーコア,第三世代コフィンシェル,,epic,2,素材
第三世代マイクロモーター,第三世代マニピュレーター,,epic,2,素材
コアパワーケーブル,第三世代マニピュレーター,,epic,2,素材
第三世代ダンパー,第三世代サスペンション,,epic,2,素材
カスタムブッシュ,第三世代サスペンション,,epic,2,素材
S級スタビライザー,S級バランサー,,epic,2,素材
プライムコネクター,S級バランサー,,epic,2,素材
S級シリンダー,S級アクチュエーター,,epic,2,素材
プライムコネクター,S級アクチュエーター,,epic,2,素材
緑色イットリア石,S級バッテリー,,epic,2,素材
希少鉱石岩,S級バッテリー,,epic,2,素材
S級ヒートパイプ,S級熱電モジュール,,epic,2,素材
C2クーラント液,S級熱電モジュール,,epic,2,素材
S級ジャイロセンサー,S級反動制御モジュール,,epic,2,素材
コアパワーケーブル,S級反動制御モジュール,,epic,2,素材
S級ENポリマー,S級拡散装甲,,epic,2,素材
ゲイザーコア,S級拡散装甲,,epic,2,素材
S級キャパシタ,S級電荷供給モジュール,,epic,2,素材
冷却フィン,S級電荷供給モジュール,,epic,2,素材
S級コーティングキット,S級特殊装甲,,epic,2,素材
ゲイザーコア,S級特殊装甲,,epic,2,素材
S級シンポーザー,S級アンプリファイアモジュール,,epic,2,素材
ゲイザーコア,S級アンプリファイアモジュール,,epic,2,素材
S級超高速メモリ,S級WR演算ユニット,,epic,2,素材
活性エンダーズコア,S級WR演算ユニット,,epic,2,素材
S級インダクタ,S級WRモジュール,,epic,2,素材
活性エンダーズコア,S級WRモジュール,,epic,2,素材
S級バイオセンサー,S級バイオエネルギー変換モジュールα,,epic,2,素材
C2クーラント液,S級バイオエネルギー変換モジュールα,,epic,2,素材
S級耐熱合金,S級WRブースター,,epic,2,素材
活性エンダーズコア,S級WRブースター,,epic,2,素材
S級コンプレッサー,S級エネルギーコンバーター,,epic,2,素材
冷却フィン,S級エネルギーコンバーター,,epic,2,素材
ラビットフレーム,ラビットフレーム改,,epic,2,素材
青玉殻,ラビットフレーム改,,epic,1,素材
バードウォッチャーフレーム,バードウォッチャーフレーム改,,epic,2,素材
青玉骨,バードウォッチャーフレーム改,,epic,1,素材
スパイダーフレーム,スパイダーフレーム改,,epic,2,素材
青玉鱗,スパイダーフレーム改,,epic,1,素材
オーガフレーム,オーガフレーム改,,epic,2,素材
青玉骨,オーガフレーム改,,epic,1,素材
アンバーフレーム,アンバーフレーム改,,epic,2,素材
青玉膜,アンバーフレーム改,,epic,1,素材
モホークフレーム,モホークフレーム改,,epic,2,素材
上級青玉骨,モホークフレーム改,,epic,1,素材
上級青玉膜,モホークフレーム改,,epic,1,素材
タワーフレーム,タワーフレーム改,,epic,2,素材
上級青玉骨,タワーフレーム改,,epic,1,素材
上級青玉鱗,タワーフレーム改,,epic,1,素材
チリペッパーフレーム,チリペッパーフレーム改,,epic,2,素材
上級青玉殻,チリペッパーフレーム改,,epic,1,素材
上級青玉膜,チリペッパーフレーム改,,epic,1,素材
ハーネスフレーム,ハーネスフレーム改,,epic,2,素材
上級青玉殻,ハーネスフレーム改,,epic,1,素材
上級青玉鱗,ハーネスフレーム改,,epic,1,素材
超高純度レインジェム,第四世代コフィンシェル,,legendary,2,素材
マローダーコア,第四世代コフィンシェル,,legendary,2,素材
第四世代マイクロモーター,第四世代マニピュレーター,,legendary,2,素材
コアパワーケーブル,第四世代マニピュレーター,,legendary,2,素材
第四世代ダンパー,第四世代サスペンション,,legendary,2,素材
カスタムブッシュ,第四世代サスペンション,,legendary,2,素材
SS級スタビライザー,SS級バランサー,,legendary,2,素材
プライムコネクター,SS級バランサー,,legendary,2,素材
SS級シリンダー,SS級アクチュエーター,,legendary,2,素材
プライムコネクター,SS級アクチュエーター,,legendary,2,素材
銀色イットリア石,SS級バッテリー,,legendary,2,素材
希少鉱石岩,SS級バッテリー,,legendary,2,素材
SS級ヒートパイプ,SS級熱電モジュール,,legendary,2,素材
C2クーラント液,SS級熱電モジュール,,legendary,2,素材
SS級ジャイロセンサー,SS級反動制御モジュール,,legendary,2,素材
コアパワーケーブル,SS級反動制御モジュール,,legendary,2,素材
SS級ENポリマー,SS級拡散装甲,,legendary,2,素材
インキュベイターコア,SS級拡散装甲,,legendary,2,素材
SS級キャパシタ,SS級電荷供給モジュール,,legendary,2,素材
冷却フィン,SS級電荷供給モジュール,,legendary,2,素材
SS級ENポリマー,SS級特殊装甲,,legendary,2,素材
インキュベイターコア,SS級特殊装甲,,legendary,2,素材
SS級シンポーザー,SS級アンプリファイアモジュール,,legendary,2,素材
マローダーコア,SS級アンプリファイアモジュール,,legendary,2,素材
SS級超高速メモリ,SS級WR演算ユニット,,legendary,2,素材
熱変性エンダーズコア,SS級WR演算ユニット,,legendary,2,素材
SS級インダクタ,SS級WRモジュール,,legendary,2,素材
熱変性エンダーズコア,SS級WRモジュール,,legendary,2,素材
SS級バイオセンサー,SS級バイオエネルギー変換モジュールα,,legendary,2,素材
C2クーラント液,SS級バイオエネルギー変換モジュールα,,legendary,2,素材
SS級耐熱合金,SS級WRブースター,,legendary,2,素材
熱変性エンダーズコア,SS級WRブースター,,legendary,2,素材
SS級コンプレッサー,SS級エネルギーコンバーター,,legendary,2,素材
冷却フィン,SS級エネルギーコンバーター,,legendary,2,素材
熱砂,SS級エネルギーコンバーター,,legendary,4,素材
ラビットフレーム,ラビットフレーム極,,legendary,2,素材
上級青玉殻,ラビットフレーム極,,legendary,1,素材
バードウォッチャーフレーム,バードウォッチャーフレーム極,,legendary,2,素材
上級青玉骨,バードウォッチャーフレーム極,,legendary,1,素材
スパイダーフレーム,スパイダーフレーム極,,legendary,2,素材
上級青玉鱗,スパイダーフレーム極,,legendary,1,素材
オーガフレーム,オーガフレーム極,,legendary,2,素材
上級青玉骨,オーガフレーム極,,legendary,1,素材
アンバーフレーム,アンバーフレーム極,,legendary,2,素材
上級青玉膜,アンバーフレーム極,,legendary,1,素材
モホークフレーム,モホークフレーム極,,legendary,2,素材
特級青玉骨,モホークフレーム極,,legendary,1,素材
特級青玉膜,モホークフレーム極,,legendary,1,素材
タワーフレーム,タワーフレーム極,,legendary,2,素材
特級青玉骨,タワーフレーム極,,legendary,1,素材
特級青玉鱗,タワーフレーム極,,legendary,1,素材
チリペッパーフレーム,チリペッパーフレーム極,,legendary,2,素材
特級青玉殻,チリペッパーフレーム極,,legendary,1,素材
特級青玉膜,チリペッパーフレーム極,,legendary,1,素材
ハーネスフレーム,ハーネスフレーム極,,legendary,2,素材
特級青玉殻,ハーネスフレーム極,,legendary,1,素材
特級青玉鱗,ハーネスフレーム極,,legendary,1,素材
Lエネルギー弾用バレル,Lエネルギー弾用バレル改,,epic,2,素材
青玉鱗,Lエネルギー弾用バレル改,,epic,1,素材
Lエネルギー弾用バレル,Hエネルギー弾用バレル改,,epic,2,素材
青玉膜,Hエネルギー弾用バレル改,,epic,1,素材
小弾薬用バレル,小弾薬用バレル改,,epic,2,素材
青玉鱗,小弾薬用バレル改,,epic,1,素材
大弾薬用バレル,大弾薬用バレル改,,epic,2,素材
青玉膜,大弾薬用バレル改,,epic,1,素材
散弾用バレル,散弾用バレル改,,epic,2,素材
青玉骨,散弾用バレル改,,epic,1,素材
特殊弾用バレル,特殊弾用バレル改,,epic,2,素材
インキュベイターコア,特殊弾用バレル改,,epic,2,素材
レインエネルギー弾用バレル,レインエネルギー弾用バレル改,,epic,3,素材
青玉膜,レインエネルギー弾用バレル改,,epic,1,素材
ソーラーエネルギー弾用バレル,ソーラーエネルギー弾用バレル改,,epic,3,素材
青玉鱗,ソーラーエネルギー弾用バレル改,,epic,1,素材
Lエネルギー弾用バレル,Lエネルギー弾用バレル極,,legendary,2,素材
上級青玉鱗,Lエネルギー弾用バレル極,,legendary,1,素材
Lエネルギー弾用バレル,Hエネルギー弾用バレル極,,legendary,2,素材
上級青玉膜,Hエネルギー弾用バレル極,,legendary,1,素材
小弾薬用バレル,小弾薬用バレル極,,legendary,2,素材
上級青玉鱗,小弾薬用バレル極,,legendary,1,素材
大弾薬用バレル,大弾薬用バレル極,,legendary,2,素材
上級青玉膜,大弾薬用バレル極,,legendary,1,素材
散弾用バレル,散弾用バレル極,,legendary,2,素材
上級青玉骨,散弾用バレル極,,legendary,1,素材
特殊弾用バレル,特殊弾用バレル極,,legendary,2,素材
マローダーコア,特殊弾用バレル極,,legendary,3,素材
大弾薬用バレル,レインエネルギー弾用バレル極,,legendary,2,素材
上級青玉膜,レインエネルギー弾用バレル極,,legendary,1,素材
散弾用バレル,ソーラーエネルギー弾用バレル極,,legendary,2,素材
上級青玉鱗,ソーラーエネルギー弾用バレル極,,legendary,1,素材
ショットガンHE+4,【APK装備】ショットガンHE,,legendary,1,武器
ショットガンHE改良キット,【APK装備】ショットガンHE,,legendary,1,武器
高密度エネルギーセル,【APK装備】ショットガンHE,,legendary,5,武器
クロウラーコア,【APK装備】ショットガンHE,,legendary,10,武器
地上物資のコンテナ部品,【APK装備】ショットガンHE,,legendary,1,武器
ハイレートサブマシンガン+4,【APK装備】ハイレートサブマシンガン,,legendary,1,武器
ハイレートサブマシンガン改良キット,【APK装備】ハイレートサブマシンガン,,legendary,1,武器
高密度エネルギーセル,【APK装備】ハイレートサブマシンガン,,legendary,5,武器
ゲイザーコア,【APK装備】ハイレートサブマシンガン,,legendary,10,武器
アサルトライフルLE+4,【APK装備】アサルトライフルLE,,legendary,1,武器
アサルトライフルLE改良キット,【APK装備】アサルトライフルLE,,legendary,1,武器
高密度エネルギーセル,【APK装備】アサルトライフルLE,,legendary,5,武器
チェイサーコア,【APK装備】アサルトライフルLE,,legendary,10,武器
関数電卓,【APK装備】アサルトライフルLE,,legendary,1,武器
マークスマンライフル+3,【APK装備】マークスマンライフル,,legendary,1,武器
マークスマンライフル改良キット,【APK装備】マークスマンライフル,,legendary,1,武器
高密度エネルギーセル,【APK装備】マークスマンライフル,,legendary,5,武器
活性エンダーズコア,【APK装備】マークスマンライフル,,legendary,10,武器
パラボラアンテナ,【APK装備】マークスマンライフル,,legendary,1,武器
ヘビーリローダー+3,【APK装備】ヘビーリローダー,,legendary,1,武器
ヘビーリローダー改良キット,【APK装備】ヘビーリローダー,,legendary,1,武器
バイオ燃焼ゲル,【APK装備】ヘビーリローダー,,legendary,5,武器
インキュベイターコア,【APK装備】ヘビーリローダー,,legendary,10,武器
天幕,【APK装備】ヘビーリローダー,,legendary,1,武器
スナイパーライフル+3,【APK装備】スナイパーライフルHE,,legendary,1,武器
スナイパーライフルHE改良キット,【APK装備】スナイパーライフルHE,,legendary,1,武器
バイオ燃焼ゲル,【APK装備】スナイパーライフルHE,,legendary,5,武器
マローダーコア,【APK装備】スナイパーライフルHE,,legendary,4,武器
電子ゲーム機,【APK装備】スナイパーライフルHE,,legendary,1,武器
レールガンHE+1,【APK装備】レールガンHE,,legendary,1,武器
レールガンHE改良キット,【APK装備】レールガンHE,,legendary,1,武器
バイオ燃焼ゲル,【APK装備】レールガンHE,,legendary,5,武器
熱変性エンダーズコア,【APK装備】レールガンHE,,legendary,2,武器
光量子ケーブル,【APK装備】レールガンHE,,legendary,1,武器
サブマシンガンLE+4,【APK装備】サブマシンガンLE,,legendary,1,武器
サブマシンガンLE改良キット,【APK装備】サブマシンガンLE,,legendary,1,武器
オレンジリキッド,【APK装備】サブマシンガンLE,,legendary,5,武器
ゲイザーコア,【APK装備】サブマシンガンLE,,legendary,10,武器
量子液晶窓,【APK装備】サブマシンガンLE,,legendary,1,武器
バーストアサルトライフルLE+3,【APK装備】バーストアサルトライフルLE,,legendary,1,武器
バーストアサルトライフルLE改良キット,【APK装備】バーストアサルトライフルLE,,legendary,1,武器
オレンジリキッド,【APK装備】バーストアサルトライフルLE,,legendary,5,武器
チェイサーコア,【APK装備】バーストアサルトライフルLE,,legendary,10,武器
AI搭載ドローン,【APK装備】バーストアサルトライフルLE,,legendary,1,武器
グレネードランチャー+2,【APK装備】グレネードランチャー,,legendary,1,武器
グレネードランチャー改良キット,【APK装備】グレネードランチャー,,legendary,1,武器
オレンジリキッド,【APK装備】グレネードランチャー,,legendary,5,武器
熱変性エンダーズコア,【APK装備】グレネードランチャー,,legendary,2,武器
ピペット,【APK装備】グレネードランチャー,,legendary,1,武器
ウィールボディ,【APK装備】ウィールボディ,,legendary,1,装備品
ヴィクトリアウィール改良キット,【APK装備】ウィールボディ,,legendary,1,装備品
高密度エネルギーセル,【APK装備】ウィールボディ,,legendary,5,装備品
SS級クレイドルパーツの残骸,【APK装備】ウィールボディ,,legendary,3,装備品
戦車部品,【APK装備】ウィールボディ,,legendary,1,装備品
ウィールアーム,【APK装備】ウィールアーム,,legendary,1,装備品
ヴィクトリアウィール改良キット,【APK装備】ウィールアーム,,legendary,1,装備品
高密度エネルギーセル,【APK装備】ウィールアーム,,legendary,5,装備品
SS級クレイドルパーツの残骸,【APK装備】ウィールアーム,,legendary,3,装備品
戦車部品,【APK装備】ウィールアーム,,legendary,1,装備品
ウィールレッグ,【APK装備】ウィールレッグ,,legendary,1,装備品
ヴィクトリアウィール改良キット,【APK装備】ウィールレッグ,,legendary,1,装備品
高密度エネルギーセル,【APK装備】ウィールレッグ,,legendary,5,装備品
SS級クレイドルパーツの残骸,【APK装備】ウィールレッグ,,legendary,3,装備品
戦車部品,【APK装備】ウィールレッグ,,legendary,1,装備品
ブーケボディ,【APK装備】ブーケボディ,,legendary,1,装備品
ブラッドレイブーケ改良キット,【APK装備】ブーケボディ,,legendary,1,装備品
高密度エネルギーセル,【APK装備】ブーケボディ,,legendary,5,装備品
SS級クレイドルパーツの残骸,【APK装備】ブーケボディ,,legendary,3,装備品
初期クレイドル部品,【APK装備】ブーケボディ,,legendary,1,装備品
ブーケアーム,【APK装備】ブーケアーム,,legendary,1,装備品
ブラッドレイブーケ改良キット,【APK装備】ブーケアーム,,legendary,1,装備品
高密度エネルギーセル,【APK装備】ブーケアーム,,legendary,5,装備品
SS級クレイドルパーツの残骸,【APK装備】ブーケアーム,,legendary,3,装備品
初期クレイドル部品,【APK装備】ブーケアーム,,legendary,1,装備品
ブーケレッグ,【APK装備】ブーケレッグ,,legendary,1,装備品
ブラッドレイブーケ改良キット,【APK装備】ブーケレッグ,,legendary,1,装備品
高密度エネルギーセル,【APK装備】ブーケレッグ,,legendary,5,装備品
SS級クレイドルパーツの残骸,【APK装備】ブーケレッグ,,legendary,3,装備品
初期クレイドル部品,【APK装備】ブーケレッグ,,legendary,1,装備品
カーディナルボディ,【APK装備】カーディナルボディ,,legendary,1,装備品
シンカーディナル改良キット,【APK装備】カーディナルボディ,,legendary,1,装備品
バイオ燃焼ゲル,【APK装備】カーディナルボディ,,legendary,5,装備品
SS級クレイドルパーツの残骸,【APK装備】カーディナルボディ,,legendary,3,装備品
クレイドルコフィン用ギヤ,【APK装備】カーディナルボディ,,legendary,1,装備品
カーディナルアーム,【APK装備】カーディナルアーム,,legendary,1,装備品
シンカーディナル改良キット,【APK装備】カーディナルアーム,,legendary,1,装備品
バイオ燃焼ゲル,【APK装備】カーディナルアーム,,legendary,5,装備品
SS級クレイドルパーツの残骸,【APK装備】カーディナルアーム,,legendary,3,装備品
クレイドルコフィン用ギヤ,【APK装備】カーディナルアーム,,legendary,1,装備品
カーディナルレッグ,【APK装備】カーディナルレッグ,,legendary,1,装備品
シンカーディナル改良キット,【APK装備】カーディナルレッグ,,legendary,1,装備品
バイオ燃焼ゲル,【APK装備】カーディナルレッグ,,legendary,5,装備品
SS級クレイドルパーツの残骸,【APK装備】カーディナルレッグ,,legendary,3,装備品
クレイドルコフィン用ギヤ,【APK装備】カーディナルレッグ,,legendary,1,装備品
デアボディ,【APK装備】デアボディ,,legendary,1,装備品
ソーンデア改良キット,【APK装備】デアボディ,,legendary,1,装備品
バイオ燃焼ゲル,【APK装備】デアボディ,,legendary,5,装備品
SS級クレイドルパーツの残骸,【APK装備】デアボディ,,legendary,3,装備品
破壊されたクレイドル,【APK装備】デアボディ,,legendary,1,装備品
デアアーム,【APK装備】デアアーム,,legendary,1,装備品
ソーンデア改良キット,【APK装備】デアアーム,,legendary,1,装備品
バイオ燃焼ゲル,【APK装備】デアアーム,,legendary,5,装備品
SS級クレイドルパーツの残骸,【APK装備】デアアーム,,legendary,3,装備品
破壊されたクレイドル,【APK装備】デアアーム,,legendary,1,装備品
デアレッグ,【APK装備】デアレッグ,,legendary,1,装備品
ソーンデア改良キット,【APK装備】デアレッグ,,legendary,1,装備品
バイオ燃焼ゲル,【APK装備】デアレッグ,,legendary,5,装備品
SS級クレイドルパーツの残骸,【APK装備】デアレッグ,,legendary,3,装備品
破壊されたクレイドル,【APK装備】デアレッグ,,legendary,1,装備品
ジェスターボディ,【APK装備】ジェスターボディ,,legendary,1,装備品
マシュージェスター改良キット,【APK装備】ジェスターボディ,,legendary,1,装備品
バイオ燃焼ゲル,【APK装備】ジェスターボディ,,legendary,5,装備品
SS級クレイドルパーツの残骸,【APK装備】ジェスターボディ,,legendary,3,装備品
錆びた浄水装置パーツ,【APK装備】ジェスターボディ,,legendary,1,装備品
ジェスターアーム,【APK装備】ジェスターアーム,,legendary,1,装備品
マシュージェスター改良キット,【APK装備】ジェスターアーム,,legendary,1,装備品
バイオ燃焼ゲル,【APK装備】ジェスターアーム,,legendary,5,装備品
SS級クレイドルパーツの残骸,【APK装備】ジェスターアーム,,legendary,3,装備品
錆びた浄水装置パーツ,【APK装備】ジェスターアーム,,legendary,1,装備品
ジェスターレッグ,【APK装備】ジェスターレッグ,,legendary,1,装備品
マシュージェスター改良キット,【APK装備】ジェスターレッグ,,legendary,1,装備品
バイオ燃焼ゲル,【APK装備】ジェスターレッグ,,legendary,5,装備品
SS級クレイドルパーツの残骸,【APK装備】ジェスターレッグ,,legendary,3,装備品
錆びた浄水装置パーツ,【APK装備】ジェスターレッグ,,legendary,1,装備品
第四世代コフィンシェル,ダークナイトボディ,,legendary,3,装備品
SS級WR演算ユニット,ダークナイトボディ,,legendary,3,装備品
リフレクトパネル,ダークナイトボディ,,legendary,3,装備品
バイオ燃焼ゲル,ダークナイトボディ,,legendary,1,装備品
第四世代マニピュレーター,ダークナイトアーム,,legendary,3,装備品
SS級WRモジュール,ダークナイトアーム,,legendary,3,装備品
超電導モーター,ダークナイトアーム,,legendary,3,装備品
バイオ燃焼ゲル,ダークナイトアーム,,legendary,1,装備品
第四世代サスペンション,ダークナイトレッグ,,legendary,3,装備品
SS級バランサー,ダークナイトレッグ,,legendary,3,装備品
SS級アクチュエーター,ダークナイトレッグ,,legendary,3,装備品
バイオ燃焼ゲル,ダークナイトレッグ,,legendary,1,装備品